{"successful_requests": 100, "slowest": 1.298537588000272, "fastest": 0.719947779999984, "average": 1.0278425229799995, "total_time": 10.83299458600004, "requests_per_minute": 554, "requests_per_second": 9}